Layer,M,N,K,
Attention_Q,128,4096,4096,
Attention_K,128,1024,4096,
Attention_V,128,1024,4096,
Attention_Out,128,4096,4096,
Router,128,8,4096,
Exp0_Gate,32,14336,4096,
Exp0_Up,32,14336,4096,
Exp0_Down,32,4096,14336,
Exp1_Gate,32,14336,4096,
Exp1_Up,32,14336,4096,
Exp1_Down,32,4096,14336,
Exp2_Gate,32,14336,4096,
Exp2_Up,32,14336,4096,
Exp2_Down,32,4096,14336,
Exp3_Gate,32,14336,4096,
Exp3_Up,32,14336,4096,
Exp3_Down,32,4096,14336,
Exp4_Gate,32,14336,4096,
Exp4_Up,32,14336,4096,
Exp4_Down,32,4096,14336,
Exp5_Gate,32,14336,4096,
Exp5_Up,32,14336,4096,
Exp5_Down,32,4096,14336,
Exp6_Gate,32,14336,4096,
Exp6_Up,32,14336,4096,
Exp6_Down,32,4096,14336,
Exp7_Gate,32,14336,4096,
Exp7_Up,32,14336,4096,
Exp7_Down,32,4096,14336,
